{
  "message": "",
  "success": true,
  "data": {
    "name": "German Doner Kehab",
    "phone": "+123456789",
    "email": "example@email.com",
    "images": [
      "assets/images_restaurant_image_1.jpg",
      "assets/images_restaurant_image_1.jpg",
      "assets/images_restaurant_image_1.jpg"
    ],
    "categories": [

    ],
    "distance_from_user_location": "0.4",
    "address": "3 Richmond Street",
    "notes": "All dishes may contain traces of the following: Crustaceans, Eggs, Fish, Peanuts.",
    "rating": "4.5",
    "no_of_reviews": "500",
    "delivery_time": "15 - 25",
    "order_categories": [

    ],
    "orders": [
      {
        "category": "Cold Meza",
        "name": "Name",
        "description": "Description",
        "unitPrice": "1.00",
        "additions": [
          {
            "option_name": "Add a drink",
            "selection_type": "multiple",
            "options": [
              {
                "option": "Coca-Cola",
                "price": "2.60"
              },
              {
                "option": "Sprite",
                "price": "2.60"
              },
              {
                "option": "Diet Coke",
                "price": "2.60"
              }
            ]
          }
        ]
      },
      {
        "category": "Cold Meza",
        "name": "Name",
        "description": "Description",
        "unitPrice": "£1.00",
        "additions": [
          {
            "option_name": "Add a drink",
            "selection_type": "multiple",
            "options": [
              {
                "option": "Coca-Cola",
                "price": "£2.60"
              },
              {
                "option": "Sprite",
                "price": "£2.60"
              },
              {
                "option": "Diet Coke",
                "price": "£2.60"
              }
            ]
          }
        ]
      },
      {
        "category": "Cold Meza",
        "name": "Name",
        "description": "Description",
        "unitPrice": "£1.00",
        "additions": [
          {
            "option_name": "Add a drink",
            "selection_type": "multiple",
            "options": [
              {
                "option": "Coca-Cola",
                "price": "£2.60"
              },
              {
                "option": "Sprite",
                "price": "£2.60"
              },
              {
                "option": "Diet Coke",
                "price": "£2.60"
              }
            ]
          }
        ]
      },
      {
        "category": "Cold Meza",
        "name": "Name",
        "description": "Description",
        "unitPrice": "£1.00",
        "additions": [
          {
            "option_name": "Add a drink",
            "selection_type": "multiple",
            "options": [
              {
                "option": "Coca-Cola",
                "price": "£2.60"
              },
              {
                "option": "Sprite",
                "price": "£2.60"
              },
              {
                "option": "Diet Coke",
                "price": "£2.60"
              }
            ]
          }
        ]
      },
      {
        "category": "Cold Meza",
        "name": "Name",
        "description": "Description",
        "unitPrice": "£1.00",
        "additions": [
          {
            "option_name": "Add a drink",
            "selection_type": "multiple",
            "options": [
              {
                "option": "Coca-Cola",
                "price": "£2.60"
              },
              {
                "option": "Sprite",
                "price": "£2.60"
              },
              {
                "option": "Diet Coke",
                "price": "£2.60"
              }
            ]
          }
        ]
      }
    ]
  }
}